comparison,A,B,C,D,E,G
A,NA,1.4475000160410667,0.12363195000134726,0.5591092945904246,-0.07517589303618967,-0.1225936102185484
B,-1.447500506277901,NA,-1.3238694384141039,-0.8883921551982428,-1.5226772534329727,-1.570094963932421
C,-0.12362987964406398,1.3238691100622992,NA,0.435478487804879,-0.19880662899966414,-0.24622434088871462
D,-0.5591081785072959,0.8883909321324011,-0.4354770966949214,NA,-0.6342849341439798,-0.6817026499932799
E,0.07517785675210112,1.5226769702725171,0.1988089388101701,0.6342862720252536,NA,-0.04741661497916713
G,0.12259596131002684,1.5700949946246825,0.24622703651802658,0.681704345603152,0.047419209689105665,NA
