comparison,A,B,C,D,E,G
A,NA,0.03581910004113588,0.8521817971272987,0.3545574933837768,0.8995327425870648,0.849139867624132
B,0.03581919717171987,NA,0.08316065776988678,0.21274824828704492,0.030975630487917415,0.03572382021763861
C,0.8521843060055654,0.08316062451345686,NA,0.5265937274587336,0.770103989231292,0.733652045514128
D,0.35455854031396045,0.21274856299519349,0.5265949362997893,NA,0.30810757000985217,0.30851240385624107
E,0.8995301401439919,0.03097553407406695,0.7701013174650648,0.30810650484464547,NA,0.9428799450918579
G,0.849137064571033,0.035723733820079054,0.7336492254271548,0.3085112985553916,0.942876841146682,NA
