comparison,A,B,C,D,E,G
A,NA,0.03638912107335564,0.8388395500227688,0.35592874195549334,0.9009622845703558,0.8509452951455874
B,0.03638922007625261,NA,0.08622139009096325,0.2148048837327535,0.03149400428140415,0.03653080043911913
C,0.8388420693420149,0.08622136255991657,NA,0.5372934186430969,0.7583087092272717,0.7232196184351303
D,0.35592980835680205,0.21480521064127825,0.5372946373856708,NA,0.30981818793381244,0.3109010201566595
E,0.9009596352030941,0.03149390579530906,0.7583060309646926,0.3098171023926834,NA,0.9432119110775309
G,0.8509424359120661,0.03653071261351879,0.7232167894740138,0.310899891302093,0.9432087492741984,NA
