comparison,A,B,C,D,E,G
A,NA,1.4694350477381897,0.14002166314762124,0.5755484946763214,-0.07864975894354106,-0.11780733359655679
B,-1.4694355900491771,NA,-1.32941502022278,-0.893888255248955,-1.5480864088989212,-1.5872439775664586
C,-0.14001923353320164,1.3294145766758876,NA,0.4355281243545027,-0.2186700555351872,-0.257827625777547
D,-0.5755471296435777,0.8938867989080839,-0.43552654292351856,NA,-0.6541979579829631,-0.6933555313745384
E,0.07865216543762069,1.5480861025878987,0.21867275297671734,0.6541995730455274,NA,-0.039156236984064785
G,0.11781025785656146,1.5872440814072737,0.2578308345711917,0.6933576209705118,0.039159435138066405,NA
